article,content,fans,name
370584篇文章,"原首页投稿专题

现暂停使用。

具体请查看：简书新版发现页文...", · 194.0K人关注,首页投稿（暂停使用，暂停投稿）
148965篇文章,欢迎关注公众号简宝玉( 公众号ID : jianshu4321 )后台..., · 1117.0K人关注,连载小说
183038篇文章,故事专题，不论是旅行生活中亲身经历的真实故事，还是童话玄幻遐想的虚构故..., · 1051.2K人关注,故事
94225篇文章,欢迎关注公众号简宝玉( 公众号ID : jianshu4321 )后台..., · 854.0K人关注,程序员
104358篇文章,"邂逅一个国家，讲述一座城市，这里有你期待的诗与远方。
1.投稿请查看...", · 2240.1K人关注,旅行·在路上
71317篇文章,"借一斑略知全豹 ，以一目尽传精神。

阅读简书最好看的故事，欢迎订...", · 2087.2K人关注,短篇小说
12071篇文章,"投稿须知：
1、字数不限，收入以哲学思辨（中西方哲学观点和作者本人的...", · 1097.3K人关注,哲思
64725篇文章,欢迎关注公众号简宝玉( 公众号ID : jianshu4321 )后台..., · 1694.5K人关注,摄影
46267篇文章,欢迎关注公众号简宝玉( 公众号ID : jianshu4321 )后台..., · 1391.2K人关注,@IT·互联网
39113篇文章,"投稿须知：

■人物专题仅收录以人物为主题的文章。例如：历史人物，...", · 861.3K人关注,人物
10825篇文章,"少年，一起来玩游戏吗？

投稿须知：
1.本专题仅收录关于游戏相...", · 269.5K人关注,电竞·游戏
337873篇文章,"提高写作能力，成为更好的自己。

练习每天写 1000 字，打卡提...", · 109.7K人关注,每天写1000字
122957篇文章,"每周写500字，一年26000字，已经可以参加简书的作者成书计划了。...", · 62.0K人关注,每周500字
47586篇文章,每天给自己一首诗的时间。, · 72.5K人关注,一首诗的时间
202598篇文章,"公告：野草诗会，简诗，花非花诗集，是极光视界旗下的一个诗会。

极...", · 54.9K人关注,简诗
10117篇文章,人类善于学习. 所以学的姿势越来越多. 但我们不是只有肉体. 我们还有..., · 78.0K人关注,一直写到老的故事
11176篇文章,提醒：投稿以前请先看一下下方的《投稿须知》：http://www.ji..., · 97.0K人关注,有意思的文章
1089篇文章,一切温暖、冷酷，长的、短的，亲情、友情、爱情，皆可成章，惟愿你我在此相..., · 72.8K人关注,随笔集
2143篇文章,爱情这个似懂非懂似有似无，不舍的放弃却也不清楚是否拥有，不是暧昧不清，..., · 56.7K人关注,我想到的爱情是什么样子？
27392篇文章,ta们开心就好, · 51.1K人关注,最后，TA们没有在一起
3047篇文章,"要相信，你生命中遇到的每一个人都有深意。
每一段故事都是会呼吸会眨眼...", · 59.3K人关注,路人故事
3623篇文章,"如果你们提前了解了，你们要面对的人生，你们是否有勇气前来

", · 65.3K人关注,好姑娘要光芒万丈
201187篇文章,青春是诗，青春是歌，青春是画，青春是书桌上那沓厚厚的试卷，是寄给隔壁班..., · 1402.2K人关注,青春
133843篇文章,是【诗友会】的子专题, · 29.0K人关注,简诗集
2381篇文章,欢迎关注公众号简宝玉( 公众号ID : jianshu4321 )后台..., · 397.6K人关注,漫画
94225篇文章,欢迎关注公众号简宝玉( 公众号ID : jianshu4321 )后台..., · 854.0K人关注,程序员
